{
  "top_1": 0.8899999856948853,
  "top_5": 0.9900000095367432,
  "per_class_accuracy": {
    "airplane": 1.0,
    "automobile": 0.8571428571428571,
    "bird": 0.6428571428571429,
    "cat": 0.8888888888888888,
    "deer": 0.7777777777777778,
    "dog": 0.875,
    "frog": 0.8888888888888888,
    "horse": 1.0,
    "ship": 1.0,
    "truck": 1.0
  },
  "class_names": [
    "airplane",
    "automobile",
    "bird",
    "cat",
    "deer",
    "dog",
    "frog",
    "horse",
    "ship",
    "truck"
  ],
  "method": "Prompt Adapter"
}