method,top_1,top_5
Baseline CLIP,0.9100000262260437,0.9900000095367432
Enriched Prompts,0.9100000262260437,0.9900000095367432
Prompt Adapter,0.8899999856948853,0.9900000095367432
